﻿<?xml version="1.0" encoding="UTF-8"?>
<root>
  <item name="BattleConfig" md5="7bb3f2aac64dd59ecc67d1efdcb9d125" />
  <item name="DisOrderModeExtra" md5="1bb46abda3125524897c388929cea63e" />
  <item name="Document" md5="6416669f024e111eab8a7ea88d221df0" />
  <item name="EquipModeExtra" md5="97553a2cbc7498f0e139558b2e60f315" />
  <item name="GuideModeExtra" md5="77b4c95722a8f3d6e3c14f10b27813f6" />
  <item name="LoadRes_Preload" md5="5f2de8a05f70d83472e042510920fd35" />
  <item name="SingleSurvivalModeExtra" md5="af3da4cd668aec4c49523b36809e0de6" />
  <version name="616.1" />
</root>